{"mean":{"confidence_interval":{"confidence_level":0.95,"lower_bound":48.488837426727144,"upper_bound":49.22547648515072},"point_estimate":48.79368329861544,"standard_error":0.1912697640884307},"median":{"confidence_interval":{"confidence_level":0.95,"lower_bound":48.315540244436875,"upper_bound":48.5034019141823},"point_estimate":48.407700061849965,"standard_error":0.052171849415514254},"median_abs_dev":{"confidence_interval":{"confidence_level":0.95,"lower_bound":0.271244931419254,"upper_bound":0.5129490179788875},"point_estimate":0.370274533803434,"standard_error":0.059922738599420766},"slope":{"confidence_interval":{"confidence_level":0.95,"lower_bound":48.49821537519161,"upper_bound":49.38523949258555},"point_estimate":48.860599649952924,"standard_error":0.2318518337420115},"std_dev":{"confidence_interval":{"confidence_level":0.95,"lower_bound":0.5436520429956937,"upper_bound":3.0575693331083498},"point_estimate":1.9199376103956027,"standard_error":0.7002862110416535}}