{"mean":{"confidence_interval":{"confidence_level":0.95,"lower_bound":3209.99,"upper_bound":3346.7},"point_estimate":3270.85,"standard_error":35.16447993598385},"median":{"confidence_interval":{"confidence_level":0.95,"lower_bound":3208.0,"upper_bound":3292.0},"point_estimate":3250.0,"standard_error":27.493626983258757},"median_abs_dev":{"confidence_interval":{"confidence_level":0.95,"lower_bound":184.5836967229843,"upper_bound":277.9874950647354},"point_estimate":246.11159563064575,"standard_error":32.91642057168572},"slope":null,"std_dev":{"confidence_interval":{"confidence_level":0.95,"lower_bound":194.33853782848234,"upper_bound":527.3582948828039},"point_estimate":353.6357018118499,"standard_error":100.64630057394672}}