{"mean":{"confidence_interval":{"confidence_level":0.95,"lower_bound":233504543.77499998,"upper_bound":234229840.4725},"point_estimate":233847181.86666664,"standard_error":185185.29924802043},"median":{"confidence_interval":{"confidence_level":0.95,"lower_bound":233293638.66666666,"upper_bound":234232028.33333334},"point_estimate":233826145.5,"standard_error":233061.01970020504},"median_abs_dev":{"confidence_interval":{"confidence_level":0.95,"lower_bound":107261.90739572785,"upper_bound":1029160.6093287616},"point_estimate":695628.2475501447,"standard_error":228964.4507947768},"slope":null,"std_dev":{"confidence_interval":{"confidence_level":0.95,"lower_bound":316832.7497738546,"upper_bound":812843.472420022},"point_estimate":619154.8009697221,"standard_error":134101.76063412652}}