{"mean":{"confidence_interval":{"confidence_level":0.95,"lower_bound":4112.433333333333,"upper_bound":4338.833333333333},"point_estimate":4229.0666666666675,"standard_error":57.68626130980077},"median":{"confidence_interval":{"confidence_level":0.95,"lower_bound":4097.0,"upper_bound":4374.833333333334},"point_estimate":4236.0,"standard_error":64.86082091990981},"median_abs_dev":{"confidence_interval":{"confidence_level":0.95,"lower_bound":41.01859927177474,"upper_bound":329.63139414787315},"point_estimate":185.57209670543648,"standard_error":77.77062445687336},"slope":null,"std_dev":{"confidence_interval":{"confidence_level":0.95,"lower_bound":97.94922468955,"upper_bound":253.05745706633223},"point_estimate":192.28411335030665,"standard_error":40.336518416353535}}