{"mean":{"confidence_interval":{"confidence_level":0.95,"lower_bound":56.36215746026667,"upper_bound":56.53997427022003},"point_estimate":56.44643002448876,"standard_error":0.04538862611603755},"median":{"confidence_interval":{"confidence_level":0.95,"lower_bound":56.29634911580148,"upper_bound":56.56023580539546},"point_estimate":56.48739271162583,"standard_error":0.0659561850571898},"median_abs_dev":{"confidence_interval":{"confidence_level":0.95,"lower_bound":0.2234316120899512,"upper_bound":0.43678115447574406},"point_estimate":0.3624842610477243,"standard_error":0.05230167822749944},"slope":{"confidence_interval":{"confidence_level":0.95,"lower_bound":56.3270854368868,"upper_bound":56.49278269855537},"point_estimate":56.408272374466506,"standard_error":0.04234159402408449},"std_dev":{"confidence_interval":{"confidence_level":0.95,"lower_bound":0.32031724993367144,"upper_bound":0.5770324777521844},"point_estimate":0.4560466659457344,"standard_error":0.06592104725675642}}