{"mean":{"confidence_interval":{"confidence_level":0.95,"lower_bound":238766073.60050002,"upper_bound":239114306.99875},"point_estimate":238929382.11,"standard_error":88849.19088996889},"median":{"confidence_interval":{"confidence_level":0.95,"lower_bound":238656166.0,"upper_bound":238901250.0},"point_estimate":238832854.5,"standard_error":61474.52598580595},"median_abs_dev":{"confidence_interval":{"confidence_level":0.95,"lower_bound":438102.8621996199,"upper_bound":706396.6182589531},"point_estimate":578707.6955258846,"standard_error":71259.09057367759},"slope":null,"std_dev":{"confidence_interval":{"confidence_level":0.95,"lower_bound":575275.1838391277,"upper_bound":1169343.1287938035},"point_estimate":893090.7061582379,"standard_error":150382.44474159766}}