{"mean":{"confidence_interval":{"confidence_level":0.95,"lower_bound":1588.79,"upper_bound":1648.37},"point_estimate":1618.78,"standard_error":15.211647457500474},"median":{"confidence_interval":{"confidence_level":0.95,"lower_bound":1604.5,"upper_bound":1667.0},"point_estimate":1625.0,"standard_error":21.199069512168755},"median_abs_dev":{"confidence_interval":{"confidence_level":0.95,"lower_bound":122.31449782848358,"upper_bound":185.3249967098236},"point_estimate":185.3249967098236,"standard_error":28.7553337098827},"slope":null,"std_dev":{"confidence_interval":{"confidence_level":0.95,"lower_bound":131.51998612377832,"upper_bound":171.30664902443903},"point_estimate":152.61621370899195,"standard_error":10.164565465440322}}