{"mean":{"confidence_interval":{"confidence_level":0.95,"lower_bound":73022.0,"upper_bound":74005.36666666667},"point_estimate":73519.33333333334,"standard_error":251.59334460880092},"median":{"confidence_interval":{"confidence_level":0.95,"lower_bound":72805.33333333333,"upper_bound":74118.16666666666},"point_estimate":73652.5,"standard_error":407.1735271468043},"median_abs_dev":{"confidence_interval":{"confidence_level":0.95,"lower_bound":62.76339888571974,"upper_bound":1378.5708755254673},"point_estimate":782.5656861066747,"standard_error":355.5100711382669},"slope":null,"std_dev":{"confidence_interval":{"confidence_level":0.95,"lower_bound":493.166530144581,"upper_bound":1056.0674411815482},"point_estimate":839.7034749993148,"standard_error":146.14688385049072}}