{"mean":{"confidence_interval":{"confidence_level":0.95,"lower_bound":28412.56666666667,"upper_bound":29614.066666666662},"point_estimate":28952.9,"standard_error":311.83453427371546},"median":{"confidence_interval":{"confidence_level":0.95,"lower_bound":28278.0,"upper_bound":29395.666666666664},"point_estimate":28667.0,"standard_error":292.1875009687417},"median_abs_dev":{"confidence_interval":{"confidence_level":0.95,"lower_bound":185.5720967054358,"upper_bound":1482.5999736785916},"point_estimate":669.6409881114951,"standard_error":337.9699408930617},"slope":null,"std_dev":{"confidence_interval":{"confidence_level":0.95,"lower_bound":382.3162117539412,"upper_bound":1441.2957258077404},"point_estimate":1040.4849302721573,"standard_error":296.46471611948334}}