{"mean":{"confidence_interval":{"confidence_level":0.95,"lower_bound":984.66,"upper_bound":1090.85},"point_estimate":1027.13,"standard_error":27.812273121039073},"median":{"confidence_interval":{"confidence_level":0.95,"lower_bound":1000.0,"upper_bound":1042.0},"point_estimate":1000.0,"standard_error":19.29776916265354},"median_abs_dev":{"confidence_interval":{"confidence_level":0.95,"lower_bound":63.75179886817932,"upper_bound":154.93169724941254},"point_estimate":123.05579781532288,"standard_error":16.358306282867254},"slope":null,"std_dev":{"confidence_interval":{"confidence_level":0.95,"lower_bound":103.92514837427701,"upper_bound":453.3587772732857},"point_estimate":278.66538549074755,"standard_error":117.37840671221639}}