{"mean":{"confidence_interval":{"confidence_level":0.95,"lower_bound":2255.633333333333,"upper_bound":2386.2333333333336},"point_estimate":2316.733333333333,"standard_error":33.342360012344955},"median":{"confidence_interval":{"confidence_level":0.95,"lower_bound":2257.0,"upper_bound":2354.333333333333},"point_estimate":2312.5,"standard_error":30.359988468085657},"median_abs_dev":{"confidence_interval":{"confidence_level":0.95,"lower_bound":10.378199815750122,"upper_bound":164.56859707832336},"point_estimate":72.15319871902477,"standard_error":36.74169875371851},"slope":null,"std_dev":{"confidence_interval":{"confidence_level":0.95,"lower_bound":38.316066964314565,"upper_bound":158.8611825105238},"point_estimate":111.12386593458179,"standard_error":32.479268635946895}}