{"mean":{"confidence_interval":{"confidence_level":0.95,"lower_bound":495.8333333333333,"upper_bound":593.2666666666667},"point_estimate":541.7333333333333,"standard_error":25.050229029018812},"median":{"confidence_interval":{"confidence_level":0.95,"lower_bound":493.16666666666663,"upper_bound":590.3333333333334},"point_estimate":520.8333333333333,"standard_error":26.412808784495127},"median_abs_dev":{"confidence_interval":{"confidence_level":0.95,"lower_bound":10.131099820137038,"upper_bound":134.1752976179123},"point_estimate":61.52789890766148,"standard_error":31.702735376892516},"slope":null,"std_dev":{"confidence_interval":{"confidence_level":0.95,"lower_bound":34.22094153447815,"upper_bound":114.70262679029018},"point_estimate":83.24510885420325,"standard_error":21.608154841422934}}