{"mean":{"confidence_interval":{"confidence_level":0.95,"lower_bound":39539.619750000005,"upper_bound":40850.90025},"point_estimate":40157.1,"standard_error":335.3543268185392},"median":{"confidence_interval":{"confidence_level":0.95,"lower_bound":39063.0,"upper_bound":40250.0},"point_estimate":39688.0,"standard_error":271.3382025699363},"median_abs_dev":{"confidence_interval":{"confidence_level":0.95,"lower_bound":1452.2066742181778,"upper_bound":2440.3595566749573},"point_estimate":1792.463368177414,"standard_error":252.87290354863055},"slope":null,"std_dev":{"confidence_interval":{"confidence_level":0.95,"lower_bound":2181.9611040776176,"upper_bound":4491.497773017303},"point_estimate":3371.965426629377,"standard_error":597.9062897456092}}