{"mean":{"confidence_interval":{"confidence_level":0.95,"lower_bound":239638995.849,"upper_bound":240510142.5375},"point_estimate":239973558.36,"standard_error":233466.2505998059},"median":{"confidence_interval":{"confidence_level":0.95,"lower_bound":239513417.0,"upper_bound":239772896.0},"point_estimate":239643541.5,"standard_error":72837.6339097884},"median_abs_dev":{"confidence_interval":{"confidence_level":0.95,"lower_bound":368734.4742536545,"upper_bound":690150.2877473831},"point_estimate":457691.21397435665,"standard_error":81966.86942634037},"slope":null,"std_dev":{"confidence_interval":{"confidence_level":0.95,"lower_bound":615692.8023620339,"upper_bound":3877503.954703283},"point_estimate":2341874.8530787663,"standard_error":1084874.9918687395}}