{"mean":{"confidence_interval":{"confidence_level":0.95,"lower_bound":604.53975,"upper_bound":731.1502499999999},"point_estimate":660.79,"standard_error":32.47096624619672},"median":{"confidence_interval":{"confidence_level":0.95,"lower_bound":583.0,"upper_bound":667.0},"point_estimate":625.0,"standard_error":24.12893225925824},"median_abs_dev":{"confidence_interval":{"confidence_level":0.95,"lower_bound":123.05579781532288,"upper_bound":186.0662966966629},"point_estimate":185.3249967098236,"standard_error":28.160336798443662},"slope":null,"std_dev":{"confidence_interval":{"confidence_level":0.95,"lower_bound":149.24806683672017,"upper_bound":472.44626813479545},"point_estimate":324.8081732252736,"standard_error":86.6376350108578}}