{"mean":{"confidence_interval":{"confidence_level":0.95,"lower_bound":9017186.7675,"upper_bound":10713812.6},"point_estimate":9710562.6,"standard_error":451708.3260063314},"median":{"confidence_interval":{"confidence_level":0.95,"lower_bound":8766146.0,"upper_bound":10035750.0},"point_estimate":9286667.0,"standard_error":356366.7759507588},"median_abs_dev":{"confidence_interval":{"confidence_level":0.95,"lower_bound":65573.9142358303,"upper_bound":1480376.073718071},"point_estimate":777654.8207938671,"standard_error":367446.8793141153},"slope":null,"std_dev":{"confidence_interval":{"confidence_level":0.95,"lower_bound":370892.17975139426,"upper_bound":2237955.259011337},"point_estimate":1499733.6872817862,"standard_error":591564.6983532375}}