{"mean":{"confidence_interval":{"confidence_level":0.95,"lower_bound":4350.1,"upper_bound":4837.5},"point_estimate":4566.7,"standard_error":125.51018850813782},"median":{"confidence_interval":{"confidence_level":0.95,"lower_bound":4250.0,"upper_bound":4750.0},"point_estimate":4541.5,"standard_error":132.58766423320512},"median_abs_dev":{"confidence_interval":{"confidence_level":0.95,"lower_bound":62.26919889450073,"upper_bound":556.7162901163101},"point_estimate":339.51539397239685,"standard_error":126.57877217613208},"slope":null,"std_dev":{"confidence_interval":{"confidence_level":0.95,"lower_bound":169.07003808415547,"upper_bound":597.5619819083391},"point_estimate":418.96195796542463,"standard_error":130.15439388753643}}