{"mean":{"confidence_interval":{"confidence_level":0.95,"lower_bound":14127.48,"upper_bound":14599.17125},"point_estimate":14361.65,"standard_error":120.46737725249874},"median":{"confidence_interval":{"confidence_level":0.95,"lower_bound":14000.0,"upper_bound":14666.0},"point_estimate":14250.0,"standard_error":184.76735247899654},"median_abs_dev":{"confidence_interval":{"confidence_level":0.95,"lower_bound":926.624983549118,"upper_bound":1544.8691725730896},"point_estimate":1235.0057780742645,"standard_error":153.5129231134699},"slope":null,"std_dev":{"confidence_interval":{"confidence_level":0.95,"lower_bound":1035.7623372566939,"upper_bound":1369.89453561104},"point_estimate":1209.6563530293397,"standard_error":85.53364502314432}}