{"mean":{"confidence_interval":{"confidence_level":0.95,"lower_bound":149197.10974999997,"upper_bound":153162.09024999998},"point_estimate":150919.12,"standard_error":1021.4334572384818},"median":{"confidence_interval":{"confidence_level":0.95,"lower_bound":147750.0,"upper_bound":149000.0},"point_estimate":148125.0,"standard_error":273.8993119513659},"median_abs_dev":{"confidence_interval":{"confidence_level":0.95,"lower_bound":1482.5999736785889,"upper_bound":2904.4133484363556},"point_estimate":2131.2374621629715,"standard_error":330.2814950995955},"slope":null,"std_dev":{"confidence_interval":{"confidence_level":0.95,"lower_bound":3534.149034425698,"upper_bound":15214.301443335018},"point_estimate":10324.690136255756,"standard_error":3014.5258320075063}}