{"mean":{"confidence_interval":{"confidence_level":0.95,"lower_bound":167735.7795,"upper_bound":168584.98},"point_estimate":168147.9,"standard_error":215.70961052729095},"median":{"confidence_interval":{"confidence_level":0.95,"lower_bound":167583.0,"upper_bound":168417.0},"point_estimate":168020.5,"standard_error":212.83512654361564},"median_abs_dev":{"confidence_interval":{"confidence_level":0.95,"lower_bound":1236.4883780479431,"upper_bound":2378.831657767296},"point_estimate":1884.3845665454865,"standard_error":312.5095183224724},"slope":null,"std_dev":{"confidence_interval":{"confidence_level":0.95,"lower_bound":1674.4833371676118,"upper_bound":2676.4301760514036},"point_estimate":2170.5235811116218,"standard_error":259.67428573394346}}