{"mean":{"confidence_interval":{"confidence_level":0.95,"lower_bound":5818.265833333333,"upper_bound":6133.333333333333},"point_estimate":5979.233333333334,"standard_error":80.69052516505616},"median":{"confidence_interval":{"confidence_level":0.95,"lower_bound":5667.0,"upper_bound":6250.0},"point_estimate":6034.5,"standard_error":143.49115483120315},"median_abs_dev":{"confidence_interval":{"confidence_level":0.95,"lower_bound":21.003499627112443,"upper_bound":442.5560921430588},"point_estimate":340.0095939636233,"standard_error":110.09432903197192},"slope":null,"std_dev":{"confidence_interval":{"confidence_level":0.95,"lower_bound":165.48486825956445,"upper_bound":312.29294572663247},"point_estimate":268.64902294790545,"standard_error":37.15767556222304}}