{"mean":{"confidence_interval":{"confidence_level":0.95,"lower_bound":2092.48,"upper_bound":2283.71},"point_estimate":2177.51,"standard_error":49.26493801245929},"median":{"confidence_interval":{"confidence_level":0.95,"lower_bound":2042.0,"upper_bound":2125.0},"point_estimate":2104.5,"standard_error":26.108987159996733},"median_abs_dev":{"confidence_interval":{"confidence_level":0.95,"lower_bound":124.53839778900146,"upper_bound":247.59419560432434},"point_estimate":215.71829617023468,"standard_error":30.237864901949518},"slope":null,"std_dev":{"confidence_interval":{"confidence_level":0.95,"lower_bound":183.08033634911172,"upper_bound":703.5558210988414},"point_estimate":494.89489742262367,"standard_error":124.56666664755174}}