{"mean":{"confidence_interval":{"confidence_level":0.95,"lower_bound":423908.2,"upper_bound":456345.9},"point_estimate":439558.3,"standard_error":8286.498851145887},"median":{"confidence_interval":{"confidence_level":0.95,"lower_bound":416437.5,"upper_bound":458167.0},"point_estimate":437520.5,"standard_error":12147.430917403453},"median_abs_dev":{"confidence_interval":{"confidence_level":0.95,"lower_bound":5775.468197464943,"upper_bound":47412.80585825443},"point_estimate":28818.03698837757,"standard_error":10438.603479935226},"slope":null,"std_dev":{"confidence_interval":{"confidence_level":0.95,"lower_bound":15754.166711275677,"upper_bound":35138.59750477819},"point_estimate":27632.512074848833,"standard_error":5110.238467822989}}