{"mean":{"confidence_interval":{"confidence_level":0.95,"lower_bound":3159.633333333333,"upper_bound":3342.9666666666662},"point_estimate":3252.733333333333,"standard_error":47.00225761168895},"median":{"confidence_interval":{"confidence_level":0.95,"lower_bound":3138.833333333333,"upper_bound":3403.0},"point_estimate":3243.166666666667,"standard_error":72.80414082572858},"median_abs_dev":{"confidence_interval":{"confidence_level":0.95,"lower_bound":51.149699091911316,"upper_bound":267.8563952445985},"point_estimate":185.57209670543716,"standard_error":57.367589725463894},"slope":null,"std_dev":{"confidence_interval":{"confidence_level":0.95,"lower_bound":94.75147479212221,"upper_bound":194.3747681484603},"point_estimate":156.643087272064,"standard_error":25.822015416288714}}