{"mean":{"confidence_interval":{"confidence_level":0.95,"lower_bound":67.0617450383385,"upper_bound":67.2480447396356},"point_estimate":67.15080513250889,"standard_error":0.04754582700007022},"median":{"confidence_interval":{"confidence_level":0.95,"lower_bound":67.115774368685,"upper_bound":67.19780736885957},"point_estimate":67.16475843071476,"standard_error":0.018105947021498495},"median_abs_dev":{"confidence_interval":{"confidence_level":0.95,"lower_bound":0.17266772774207584,"upper_bound":0.2874870990668617},"point_estimate":0.23101709335917622,"standard_error":0.028393001377602988},"slope":{"confidence_interval":{"confidence_level":0.95,"lower_bound":67.19390370158844,"upper_bound":67.37219813548538},"point_estimate":67.27269361183933,"standard_error":0.04578866767675122},"std_dev":{"confidence_interval":{"confidence_level":0.95,"lower_bound":0.31566878585185043,"upper_bound":0.6324793905227308},"point_estimate":0.4777956958532787,"standard_error":0.08224116996978736}}