{"mean":{"confidence_interval":{"confidence_level":0.95,"lower_bound":56.18309835766881,"upper_bound":56.35240434005691},"point_estimate":56.267056845087815,"standard_error":0.04297582101451387},"median":{"confidence_interval":{"confidence_level":0.95,"lower_bound":56.19788111547783,"upper_bound":56.33155695224054},"point_estimate":56.27325459525176,"standard_error":0.03443306094499001},"median_abs_dev":{"confidence_interval":{"confidence_level":0.95,"lower_bound":0.018456666172211037,"upper_bound":0.24041063400459867},"point_estimate":0.09847044823312083,"standard_error":0.049768624302392324},"slope":{"confidence_interval":{"confidence_level":0.95,"lower_bound":56.238251104009045,"upper_bound":56.29896110011929},"point_estimate":56.272500280563854,"standard_error":0.015221965500555722},"std_dev":{"confidence_interval":{"confidence_level":0.95,"lower_bound":0.05147196761026158,"upper_bound":0.19806272206378678},"point_estimate":0.1433734376335469,"standard_error":0.0379810363190766}}