{"mean":{"confidence_interval":{"confidence_level":0.95,"lower_bound":2085356574.6775,"upper_bound":2098694008.5},"point_estimate":2092014737.5,"standard_error":3424476.793462605},"median":{"confidence_interval":{"confidence_level":0.95,"lower_bound":2081462625.0,"upper_bound":2100569521.0},"point_estimate":2092004021.0,"standard_error":5012819.1200613575},"median_abs_dev":{"confidence_interval":{"confidence_level":0.95,"lower_bound":3754530.2429437637,"upper_bound":19482074.560824037},"point_estimate":14155370.101591945,"standard_error":4119033.5011622948},"slope":null,"std_dev":{"confidence_interval":{"confidence_level":0.95,"lower_bound":6796644.610641774,"upper_bound":14211657.313352348},"point_estimate":11427171.987294612,"standard_error":1896534.832488567}}