{"mean":{"confidence_interval":{"confidence_level":0.95,"lower_bound":731.9333333333334,"upper_bound":865.4},"point_estimate":795.8333333333334,"standard_error":34.17823367842771},"median":{"confidence_interval":{"confidence_level":0.95,"lower_bound":694.6666666666666,"upper_bound":888.6666666666666},"point_estimate":770.6666666666667,"standard_error":56.0305773729434},"median_abs_dev":{"confidence_interval":{"confidence_level":0.95,"lower_bound":20.756399631500244,"upper_bound":195.95029652118686},"point_estimate":133.92819762229917,"standard_error":44.746846461885255},"slope":null,"std_dev":{"confidence_interval":{"confidence_level":0.95,"lower_bound":65.38385140607215,"upper_bound":144.1620264659524},"point_estimate":114.05123929701591,"standard_error":21.169935527280707}}