{"mean":{"confidence_interval":{"confidence_level":0.95,"lower_bound":621478.9,"upper_bound":631674.6},"point_estimate":626487.3,"standard_error":2609.893735458609},"median":{"confidence_interval":{"confidence_level":0.95,"lower_bound":618875.0,"upper_bound":632916.0},"point_estimate":627062.5,"standard_error":3358.6463723412294},"median_abs_dev":{"confidence_interval":{"confidence_level":0.95,"lower_bound":1884.3845665454865,"upper_bound":14704.426538944072},"point_estimate":9049.048939347267,"standard_error":3224.125600289403},"slope":null,"std_dev":{"confidence_interval":{"confidence_level":0.95,"lower_bound":4718.459575610103,"upper_bound":11314.317221015936},"point_estimate":8696.190188173721,"standard_error":1722.0745984422617}}