{"mean":{"confidence_interval":{"confidence_level":0.95,"lower_bound":170365.29916666666,"upper_bound":173670.9},"point_estimate":171687.53333333333,"standard_error":899.0135148175646},"median":{"confidence_interval":{"confidence_level":0.95,"lower_bound":170166.66666666666,"upper_bound":172131.83333333334},"point_estimate":170757.16666666666,"standard_error":417.44002755693117},"median_abs_dev":{"confidence_interval":{"confidence_level":0.95,"lower_bound":113.17179799081333,"upper_bound":1945.6653654575491},"point_estimate":617.9970890283729,"standard_error":584.2417777240709},"slope":null,"std_dev":{"confidence_interval":{"confidence_level":0.95,"lower_bound":425.4626762583198,"upper_bound":4510.369522165508},"point_estimate":3006.1309623772163,"standard_error":1279.326018483013}}