{"mean":{"confidence_interval":{"confidence_level":0.95,"lower_bound":29569.94,"upper_bound":30084.990250000003},"point_estimate":29819.96,"standard_error":131.31396478191277},"median":{"confidence_interval":{"confidence_level":0.95,"lower_bound":29396.0,"upper_bound":30000.0},"point_estimate":29791.5,"standard_error":156.45142693010482},"median_abs_dev":{"confidence_interval":{"confidence_level":0.95,"lower_bound":864.3557846546173,"upper_bound":1389.937475323677},"point_estimate":1143.084579706192,"standard_error":136.59551199695122},"slope":null,"std_dev":{"confidence_interval":{"confidence_level":0.95,"lower_bound":1036.359578930197,"upper_bound":1615.360479761131},"point_estimate":1321.5399795601186,"standard_error":149.77371003929727}}