{"mean":{"confidence_interval":{"confidence_level":0.95,"lower_bound":450.3680776571394,"upper_bound":486.9300620225992},"point_estimate":468.98254963227436,"standard_error":9.385647591208082},"median":{"confidence_interval":{"confidence_level":0.95,"lower_bound":438.2298517873751,"upper_bound":499.359536887832},"point_estimate":472.72135311091506,"standard_error":17.747036267148424},"median_abs_dev":{"confidence_interval":{"confidence_level":0.95,"lower_bound":5.314586229862857,"upper_bound":50.30503908556347},"point_estimate":40.67810786771257,"standard_error":12.766312637450756},"slope":{"confidence_interval":{"confidence_level":0.95,"lower_bound":475.4994068799633,"upper_bound":499.11973415925405},"point_estimate":491.7672896869186,"standard_error":6.037330462521976},"std_dev":{"confidence_interval":{"confidence_level":0.95,"lower_bound":20.156809695398003,"upper_bound":36.05334005023466},"point_estimate":31.318865127704914,"standard_error":4.076260293672467}}