{"mean":{"confidence_interval":{"confidence_level":0.95,"lower_bound":240171769.668,"upper_bound":240481419.292},"point_estimate":240319602.12,"standard_error":78930.84223032139},"median":{"confidence_interval":{"confidence_level":0.95,"lower_bound":240099708.0,"upper_bound":240386541.0},"point_estimate":240223729.5,"standard_error":74304.50948457442},"median_abs_dev":{"confidence_interval":{"confidence_level":0.95,"lower_bound":416765.5243009329,"upper_bound":702073.3567357063},"point_estimate":525149.5127767324,"standard_error":74677.38414973908},"slope":null,"std_dev":{"confidence_interval":{"confidence_level":0.95,"lower_bound":555750.5825640516,"upper_bound":1007707.1926183926},"point_estimate":792012.825983117,"standard_error":115597.93907681748}}