{"mean":{"confidence_interval":{"confidence_level":0.95,"lower_bound":148247.54974999998,"upper_bound":151404.698},"point_estimate":149537.54,"standard_error":824.0362826131247},"median":{"confidence_interval":{"confidence_level":0.95,"lower_bound":147666.5,"upper_bound":148583.0},"point_estimate":148187.5,"standard_error":257.97701615126584},"median_abs_dev":{"confidence_interval":{"confidence_level":0.95,"lower_bound":1451.4653742313385,"upper_bound":2409.224957227707},"point_estimate":1945.912465453148,"standard_error":244.65175969352998},"slope":null,"std_dev":{"confidence_interval":{"confidence_level":0.95,"lower_bound":2273.839158930174,"upper_bound":13366.425631127287},"point_estimate":8312.521812132085,"standard_error":3234.0041124841064}}