{"mean":{"confidence_interval":{"confidence_level":0.95,"lower_bound":238252094.361,"upper_bound":238585372.68175},"point_estimate":238410105.85,"standard_error":84929.03608444009},"median":{"confidence_interval":{"confidence_level":0.95,"lower_bound":238206833.0,"upper_bound":238439792.0},"point_estimate":238358541.5,"standard_error":65449.364265006036},"median_abs_dev":{"confidence_interval":{"confidence_level":0.95,"lower_bound":442586.4854425192,"upper_bound":770056.4959287643},"point_estimate":566878.0303359032,"standard_error":80090.03910474307},"slope":null,"std_dev":{"confidence_interval":{"confidence_level":0.95,"lower_bound":586082.7263035437,"upper_bound":1095144.593798},"point_estimate":854830.9170246829,"standard_error":129934.89384775625}}