{"mean":{"confidence_interval":{"confidence_level":0.95,"lower_bound":3883.4,"upper_bound":4320.6},"point_estimate":4087.3,"standard_error":112.79893405224938},"median":{"confidence_interval":{"confidence_level":0.95,"lower_bound":3854.0,"upper_bound":4395.5},"point_estimate":3979.5,"standard_error":101.82968410967122},"median_abs_dev":{"confidence_interval":{"confidence_level":0.95,"lower_bound":31.134599447250366,"upper_bound":586.3682895898819},"point_estimate":153.44909727573395,"standard_error":142.3672208704564},"slope":null,"std_dev":{"confidence_interval":{"confidence_level":0.95,"lower_bound":124.17598504533254,"upper_bound":481.7470126170047},"point_estimate":376.8489381996747,"standard_error":92.20544012217407}}