{"mean":{"confidence_interval":{"confidence_level":0.95,"lower_bound":1035069574.7,"upper_bound":1044973066.6},"point_estimate":1040030104.0,"standard_error":2554670.864436772},"median":{"confidence_interval":{"confidence_level":0.95,"lower_bound":1031979166.5,"upper_bound":1046320833.0},"point_estimate":1042175042.0,"standard_error":3805802.510887601},"median_abs_dev":{"confidence_interval":{"confidence_level":0.95,"lower_bound":184089.2496317625,"upper_bound":14398115.453982353},"point_estimate":10951471.558472514,"standard_error":3560961.199258343},"slope":null,"std_dev":{"confidence_interval":{"confidence_level":0.95,"lower_bound":5138539.141405416,"upper_bound":10485546.8206981},"point_estimate":8499515.787705021,"standard_error":1384960.3692572047}}