{"mean":{"confidence_interval":{"confidence_level":0.95,"lower_bound":230643752476.1175,"upper_bound":231028213744.48},"point_estimate":230836548220.9,"standard_error":98120531.32531798},"median":{"confidence_interval":{"confidence_level":0.95,"lower_bound":230616935417.0,"upper_bound":231069096750.0},"point_estimate":230798823312.5,"standard_error":112612477.8070335},"median_abs_dev":{"confidence_interval":{"confidence_level":0.95,"lower_bound":47218461.464604735,"upper_bound":564879886.6146773},"point_estimate":312266720.1907575,"standard_error":130776799.12826623},"slope":null,"std_dev":{"confidence_interval":{"confidence_level":0.95,"lower_bound":173838129.0268202,"upper_bound":421728319.595258},"point_estimate":326406071.9471564,"standard_error":63920595.51682478}}