{"mean":{"confidence_interval":{"confidence_level":0.95,"lower_bound":26872.204462497117,"upper_bound":26932.28886548779},"point_estimate":26901.863828986206,"standard_error":15.332756860581679},"median":{"confidence_interval":{"confidence_level":0.95,"lower_bound":26858.446963092123,"upper_bound":26930.36387816388},"point_estimate":26881.443439680283,"standard_error":18.923876455043008},"median_abs_dev":{"confidence_interval":{"confidence_level":0.95,"lower_bound":126.88251558807094,"upper_bound":195.88433137850578},"point_estimate":168.09062199122414,"standard_error":17.21644581189319},"slope":{"confidence_interval":{"confidence_level":0.95,"lower_bound":26881.616311435344,"upper_bound":26946.643303807767},"point_estimate":26915.12642993222,"standard_error":16.636727782862504},"std_dev":{"confidence_interval":{"confidence_level":0.95,"lower_bound":130.04748047183563,"upper_bound":177.02288527446296},"point_estimate":154.13880058413645,"standard_error":12.017055372735374}}