{"mean":{"confidence_interval":{"confidence_level":0.95,"lower_bound":10118098525.2,"upper_bound":10147777001.245},"point_estimate":10132664150.2,"standard_error":7583714.085264067},"median":{"confidence_interval":{"confidence_level":0.95,"lower_bound":10112219125.0,"upper_bound":10160514042.0},"point_estimate":10120069666.5,"standard_error":16095495.155353159},"median_abs_dev":{"confidence_interval":{"confidence_level":0.95,"lower_bound":1541594.1092312336,"upper_bound":38877076.02519393},"point_estimate":18413922.066387534,"standard_error":11251930.48797375},"slope":null,"std_dev":{"confidence_interval":{"confidence_level":0.95,"lower_bound":16184183.728309866,"upper_bound":28083602.8290429},"point_estimate":25293910.330964416,"standard_error":3082699.5441800775}}