{"mean":{"confidence_interval":{"confidence_level":0.95,"lower_bound":14533.366666666665,"upper_bound":15065.4},"point_estimate":14802.8,"standard_error":136.06576996984842},"median":{"confidence_interval":{"confidence_level":0.95,"lower_bound":14402.833333333332,"upper_bound":15201.5},"point_estimate":14839.833333333332,"standard_error":194.75075070172596},"median_abs_dev":{"confidence_interval":{"confidence_level":0.95,"lower_bound":103.28779816627413,"upper_bound":822.8429853916168},"point_estimate":422.0467925071721,"standard_error":174.8044550226188},"slope":null,"std_dev":{"confidence_interval":{"confidence_level":0.95,"lower_bound":264.5102914097275,"upper_bound":557.1439747401355},"point_estimate":453.0133184208459,"standard_error":74.94285139653122}}