{"mean":{"confidence_interval":{"confidence_level":0.95,"lower_bound":2727.55,"upper_bound":2867.1},"point_estimate":2786.71,"standard_error":36.14919291767831},"median":{"confidence_interval":{"confidence_level":0.95,"lower_bound":2708.5,"upper_bound":2791.0},"point_estimate":2750.0,"standard_error":13.350019183797656},"median_abs_dev":{"confidence_interval":{"confidence_level":0.95,"lower_bound":123.05579781532288,"upper_bound":246.11159563064575},"point_estimate":185.3249967098236,"standard_error":35.72147492407259},"slope":null,"std_dev":{"confidence_interval":{"confidence_level":0.95,"lower_bound":164.92971582166388,"upper_bound":567.8622748202796},"point_estimate":363.264416455323,"standard_error":127.95356817418282}}