{"mean":{"confidence_interval":{"confidence_level":0.95,"lower_bound":161833.5,"upper_bound":163715.23333333334},"point_estimate":162744.53333333335,"standard_error":480.05228203824316},"median":{"confidence_interval":{"confidence_level":0.95,"lower_bound":161535.0,"upper_bound":164319.33333333334},"point_estimate":162423.83333333334,"standard_error":626.739658305863},"median_abs_dev":{"confidence_interval":{"confidence_level":0.95,"lower_bound":298.2496947050167,"upper_bound":2749.2345511913013},"point_estimate":1605.9028714895321,"standard_error":692.3110085951989},"slope":null,"std_dev":{"confidence_interval":{"confidence_level":0.95,"lower_bound":874.6173316314535,"upper_bound":2004.2155324267706},"point_estimate":1598.1227660316458,"standard_error":287.30545195442926}}