{"mean":{"confidence_interval":{"confidence_level":0.95,"lower_bound":244252915.2075,"upper_bound":244668329.442},"point_estimate":244439787.95,"standard_error":106340.85440261319},"median":{"confidence_interval":{"confidence_level":0.95,"lower_bound":244179354.0,"upper_bound":244550500.0},"point_estimate":244377979.0,"standard_error":95380.49905051847},"median_abs_dev":{"confidence_interval":{"confidence_level":0.95,"lower_bound":434710.9143823385,"upper_bound":721099.5621979237},"point_estimate":572623.1052339077,"standard_error":72647.89933293786},"slope":null,"std_dev":{"confidence_interval":{"confidence_level":0.95,"lower_bound":575433.5707832008,"upper_bound":1556290.942392871},"point_estimate":1068482.2658512369,"standard_error":266208.0134061663}}