{"mean":{"confidence_interval":{"confidence_level":0.95,"lower_bound":150597.0,"upper_bound":154791.50083333332},"point_estimate":152537.33333333334,"standard_error":1085.572283008168},"median":{"confidence_interval":{"confidence_level":0.95,"lower_bound":150291.3333333333,"upper_bound":155382.0},"point_estimate":151735.6666666667,"standard_error":917.5998986532742},"median_abs_dev":{"confidence_interval":{"confidence_level":0.95,"lower_bound":216.70669615269426,"upper_bound":5384.803104400635},"point_estimate":926.624983549118,"standard_error":1483.7702548220816},"slope":null,"std_dev":{"confidence_interval":{"confidence_level":0.95,"lower_bound":1184.7549352140336,"upper_bound":4626.315493060607},"point_estimate":3613.469499962671,"standard_error":885.3545483121634}}