{"mean":{"confidence_interval":{"confidence_level":0.95,"lower_bound":2235.910000000002,"upper_bound":2554.1},"point_estimate":2404.2000000000003,"standard_error":81.47756366970775},"median":{"confidence_interval":{"confidence_level":0.95,"lower_bound":2284.5,"upper_bound":2562.5},"point_estimate":2444.5,"standard_error":60.95614313686203},"median_abs_dev":{"confidence_interval":{"confidence_level":0.95,"lower_bound":20.50929963588737,"upper_bound":452.9342919588096},"point_estimate":144.05929744243633,"standard_error":114.44763695809297},"slope":null,"std_dev":{"confidence_interval":{"confidence_level":0.95,"lower_bound":107.65060653066365,"upper_bound":372.1660263945018},"point_estimate":271.48940820118946,"standard_error":70.5939834296126}}