{"mean":{"confidence_interval":{"confidence_level":0.95,"lower_bound":165544.43333333332,"upper_bound":173754.23333333334},"point_estimate":168938.8666666667,"standard_error":2165.26535221502},"median":{"confidence_interval":{"confidence_level":0.95,"lower_bound":164770.83333333334,"upper_bound":169576.5},"point_estimate":167194.5,"standard_error":1047.621551075751},"median_abs_dev":{"confidence_interval":{"confidence_level":0.95,"lower_bound":164.56859707832336,"upper_bound":6867.155978083625},"point_estimate":2285.4278594255447,"standard_error":1943.0877827634072},"slope":null,"std_dev":{"confidence_interval":{"confidence_level":0.95,"lower_bound":1637.6554453920276,"upper_bound":10807.671031189751},"point_estimate":7235.23467620457,"standard_error":2879.013855536929}}