{"mean":{"confidence_interval":{"confidence_level":0.95,"lower_bound":5231.8966527777775,"upper_bound":5263.097916666666},"point_estimate":5246.913333333334,"standard_error":7.950241542984203},"median":{"confidence_interval":{"confidence_level":0.95,"lower_bound":5221.055555555556,"upper_bound":5241.888888888889},"point_estimate":5229.25,"standard_error":5.192402161794135},"median_abs_dev":{"confidence_interval":{"confidence_level":0.95,"lower_bound":44.64273254076535,"upper_bound":78.82489860057741},"point_estimate":59.96293226877833,"standard_error":9.161448124075994},"slope":null,"std_dev":{"confidence_interval":{"confidence_level":0.95,"lower_bound":62.1734389700645,"upper_bound":95.6026417354711},"point_estimate":79.91221970519747,"standard_error":8.555267923498485}}