{"mean":{"confidence_interval":{"confidence_level":0.95,"lower_bound":159560.49,"upper_bound":161270.41150000002},"point_estimate":160309.21,"standard_error":438.7735943694009},"median":{"confidence_interval":{"confidence_level":0.95,"lower_bound":159083.0,"upper_bound":159833.0},"point_estimate":159479.5,"standard_error":178.32059239042593},"median_abs_dev":{"confidence_interval":{"confidence_level":0.95,"lower_bound":1172.7365791797638,"upper_bound":2100.8441627025604},"point_estimate":1698.3182698488235,"standard_error":233.2331665396683},"slope":null,"std_dev":{"confidence_interval":{"confidence_level":0.95,"lower_bound":2097.061254711064,"upper_bound":6698.906397451103},"point_estimate":4419.99927166455,"standard_error":1340.5356754729162}}