{"mean":{"confidence_interval":{"confidence_level":0.95,"lower_bound":3433.4666666666662,"upper_bound":3659.7666666666673},"point_estimate":3536.2,"standard_error":58.26204718985195},"median":{"confidence_interval":{"confidence_level":0.95,"lower_bound":3402.6666666666665,"upper_bound":3625.0},"point_estimate":3493.1666666666665,"standard_error":66.48101614218807},"median_abs_dev":{"confidence_interval":{"confidence_level":0.95,"lower_bound":20.262199640273824,"upper_bound":288.11859488487266},"point_estimate":175.19389688968704,"standard_error":64.31886388199472},"slope":null,"std_dev":{"confidence_interval":{"confidence_level":0.95,"lower_bound":84.15031211281828,"upper_bound":270.3391308690112},"point_estimate":193.72382021454806,"standard_error":54.63301552433057}}