{"mean":{"confidence_interval":{"confidence_level":0.95,"lower_bound":5199.330588235295,"upper_bound":5230.955897058827},"point_estimate":5214.46,"standard_error":8.07173279718712},"median":{"confidence_interval":{"confidence_level":0.95,"lower_bound":5183.882352941177,"upper_bound":5208.323529411765},"point_estimate":5196.029411764706,"standard_error":6.379284542441902},"median_abs_dev":{"confidence_interval":{"confidence_level":0.95,"lower_bound":38.19875226301337,"upper_bound":68.98450465763312},"point_estimate":50.888063802437514,"standard_error":7.658081770712886},"slope":null,"std_dev":{"confidence_interval":{"confidence_level":0.95,"lower_bound":61.095970554224,"upper_bound":98.60680143759961},"point_estimate":81.05575788860797,"standard_error":9.622001549487253}}