{"mean":{"confidence_interval":{"confidence_level":0.95,"lower_bound":233.76253080591232,"upper_bound":238.8639402543968},"point_estimate":236.10387358207092,"standard_error":1.3063156285082484},"median":{"confidence_interval":{"confidence_level":0.95,"lower_bound":233.3288987435329,"upper_bound":236.31035204112126},"point_estimate":234.57424063116372,"standard_error":0.7159982520812712},"median_abs_dev":{"confidence_interval":{"confidence_level":0.95,"lower_bound":4.406030549547553,"upper_bound":8.889714990437032},"point_estimate":6.1626203827264945,"standard_error":1.1411529400152658},"slope":{"confidence_interval":{"confidence_level":0.95,"lower_bound":237.85249028091584,"upper_bound":246.0737889236323},"point_estimate":241.46720356191761,"standard_error":2.1383627627171653},"std_dev":{"confidence_interval":{"confidence_level":0.95,"lower_bound":6.781691571511618,"upper_bound":18.158016332770522},"point_estimate":13.19876160173723,"standard_error":2.8133726864015993}}