{"mean":{"confidence_interval":{"confidence_level":0.95,"lower_bound":67.1874239215997,"upper_bound":67.36600271709335},"point_estimate":67.27112897303806,"standard_error":0.04539865610974454},"median":{"confidence_interval":{"confidence_level":0.95,"lower_bound":67.22101280266388,"upper_bound":67.32926400630245},"point_estimate":67.26457845810975,"standard_error":0.030255787260053228},"median_abs_dev":{"confidence_interval":{"confidence_level":0.95,"lower_bound":0.20011935391200028,"upper_bound":0.3815027498849368},"point_estimate":0.2880636941222197,"standard_error":0.04732112193184369},"slope":{"confidence_interval":{"confidence_level":0.95,"lower_bound":67.38733619637185,"upper_bound":67.55514164125407},"point_estimate":67.46470835563709,"standard_error":0.042877104192876964},"std_dev":{"confidence_interval":{"confidence_level":0.95,"lower_bound":0.2915656478906007,"upper_bound":0.6187036961546499},"point_estimate":0.45429384457541444,"standard_error":0.08702098944646049}}