{"mean":{"confidence_interval":{"confidence_level":0.95,"lower_bound":2310.0,"upper_bound":2437.89},"point_estimate":2373.76,"standard_error":32.670507478164446},"median":{"confidence_interval":{"confidence_level":0.95,"lower_bound":2291.0,"upper_bound":2417.0},"point_estimate":2375.0,"standard_error":32.568339792171244},"median_abs_dev":{"confidence_interval":{"confidence_level":0.95,"lower_bound":247.59419560432434,"upper_bound":431.43659234046936},"point_estimate":309.8633944988251,"standard_error":44.767486044037064},"slope":null,"std_dev":{"confidence_interval":{"confidence_level":0.95,"lower_bound":280.5581522796688,"upper_bound":372.67939462558985},"point_estimate":328.62311838851787,"standard_error":23.457798049654066}}