{"mean":{"confidence_interval":{"confidence_level":0.95,"lower_bound":65.79824599716517,"upper_bound":66.29073066778638},"point_estimate":66.06917567792323,"standard_error":0.12716939516246273},"median":{"confidence_interval":{"confidence_level":0.95,"lower_bound":65.80052643207067,"upper_bound":66.28636221980278},"point_estimate":66.25505671400592,"standard_error":0.11502646165694301},"median_abs_dev":{"confidence_interval":{"confidence_level":0.95,"lower_bound":0.008607010372522582,"upper_bound":0.624690240907948},"point_estimate":0.12981744861599426,"standard_error":0.1608880541646923},"slope":{"confidence_interval":{"confidence_level":0.95,"lower_bound":65.76652664223579,"upper_bound":66.27782822389972},"point_estimate":66.06224703644558,"standard_error":0.1423217761592921},"std_dev":{"confidence_interval":{"confidence_level":0.95,"lower_bound":0.10990364696389612,"upper_bound":0.5573207160507341},"point_estimate":0.42422620348853984,"standard_error":0.11580024412352331}}