{"mean":{"confidence_interval":{"confidence_level":0.95,"lower_bound":63.72213284753222,"upper_bound":65.46620173640831},"point_estimate":64.49838598808233,"standard_error":0.4511236562392203},"median":{"confidence_interval":{"confidence_level":0.95,"lower_bound":63.47529504711621,"upper_bound":65.18374120663668},"point_estimate":63.94132726274088,"standard_error":0.4753567261917641},"median_abs_dev":{"confidence_interval":{"confidence_level":0.95,"lower_bound":0.23868339685882123,"upper_bound":2.0742586767542566},"point_estimate":0.9683646349211457,"standard_error":0.4832406113445409},"slope":{"confidence_interval":{"confidence_level":0.95,"lower_bound":64.12486687401352,"upper_bound":65.79904054134465},"point_estimate":64.78199382728188,"standard_error":0.4283219544571484},"std_dev":{"confidence_interval":{"confidence_level":0.95,"lower_bound":0.5555665466643634,"upper_bound":2.1027388652933774},"point_estimate":1.501447349358259,"standard_error":0.44689568591286705}}