{"mean":{"confidence_interval":{"confidence_level":0.95,"lower_bound":47391.7,"upper_bound":52170.6},"point_estimate":49954.0,"standard_error":1221.8022744845011},"median":{"confidence_interval":{"confidence_level":0.95,"lower_bound":48250.0,"upper_bound":52458.0},"point_estimate":50416.5,"standard_error":1059.262200416629},"median_abs_dev":{"confidence_interval":{"confidence_level":0.95,"lower_bound":864.3557846546173,"upper_bound":6177.99409031868},"point_estimate":2779.874950647354,"standard_error":1344.0251329673813},"slope":null,"std_dev":{"confidence_interval":{"confidence_level":0.95,"lower_bound":1510.0004746136121,"upper_bound":5719.890134920037},"point_estimate":4081.117984082303,"standard_error":1140.0721448738727}}