{"mean":{"confidence_interval":{"confidence_level":0.95,"lower_bound":71334.00425,"upper_bound":72213.33},"point_estimate":71718.27,"standard_error":227.43601549524325},"median":{"confidence_interval":{"confidence_level":0.95,"lower_bound":71167.0,"upper_bound":71542.0},"point_estimate":71395.5,"standard_error":82.99683348490744},"median_abs_dev":{"confidence_interval":{"confidence_level":0.95,"lower_bound":526.322990655899,"upper_bound":926.624983549118},"point_estimate":771.6932862997055,"standard_error":103.57700909195752},"slope":null,"std_dev":{"confidence_interval":{"confidence_level":0.95,"lower_bound":874.2110422092597,"upper_bound":3457.013236607411},"point_estimate":2284.349412742051,"standard_error":670.9563497065391}}