{"mean":{"confidence_interval":{"confidence_level":0.95,"lower_bound":12461.20975,"upper_bound":12981.1705},"point_estimate":12717.87,"standard_error":132.50970462221764},"median":{"confidence_interval":{"confidence_level":0.95,"lower_bound":12209.0,"upper_bound":12979.0},"point_estimate":12645.5,"standard_error":159.11624341087753},"median_abs_dev":{"confidence_interval":{"confidence_level":0.95,"lower_bound":1111.9499802589417,"upper_bound":1699.0595698356628},"point_estimate":1512.993273139,"standard_error":151.28385902605254},"slope":null,"std_dev":{"confidence_interval":{"confidence_level":0.95,"lower_bound":1108.356671848365,"upper_bound":1552.9199320378364},"point_estimate":1331.4171507810538,"standard_error":114.44048445999273}}