{"mean":{"confidence_interval":{"confidence_level":0.95,"lower_bound":71507.13,"upper_bound":72088.2805},"point_estimate":71779.6,"standard_error":148.78015416211977},"median":{"confidence_interval":{"confidence_level":0.95,"lower_bound":71354.0,"upper_bound":71833.0},"point_estimate":71458.5,"standard_error":106.91080793797981},"median_abs_dev":{"confidence_interval":{"confidence_level":0.95,"lower_bound":771.6932862997055,"upper_bound":1111.9499802589417},"point_estimate":926.624983549118,"standard_error":89.56436429682049},"slope":null,"std_dev":{"confidence_interval":{"confidence_level":0.95,"lower_bound":992.200997267357,"upper_bound":1946.2694319692985},"point_estimate":1500.6940751101497,"standard_error":242.76328901615932}}