{"mean":{"confidence_interval":{"confidence_level":0.95,"lower_bound":168083.28975,"upper_bound":169118.33025},"point_estimate":168567.94,"standard_error":263.86089578561473},"median":{"confidence_interval":{"confidence_level":0.95,"lower_bound":167833.0,"upper_bound":168459.0},"point_estimate":168167.0,"standard_error":162.38356722539834},"median_abs_dev":{"confidence_interval":{"confidence_level":0.95,"lower_bound":1204.6124786138535,"upper_bound":2223.8999605178833},"point_estimate":1667.9249703884125,"standard_error":266.79788956519764},"slope":null,"std_dev":{"confidence_interval":{"confidence_level":0.95,"lower_bound":1836.8787620177156,"upper_bound":3461.6692945397867},"point_estimate":2654.0252250786034,"standard_error":420.74022386308565}}