{"mean":{"confidence_interval":{"confidence_level":0.95,"lower_bound":675.81,"upper_bound":739.15},"point_estimate":706.24,"standard_error":16.094667561789628},"median":{"confidence_interval":{"confidence_level":0.95,"lower_bound":666.0,"upper_bound":708.0},"point_estimate":687.5,"standard_error":19.86650644580613},"median_abs_dev":{"confidence_interval":{"confidence_level":0.95,"lower_bound":62.26919889450073,"upper_bound":183.84239673614502},"point_estimate":153.44909727573395,"standard_error":17.839846770982465},"slope":null,"std_dev":{"confidence_interval":{"confidence_level":0.95,"lower_bound":122.58659093781289,"upper_bound":197.93603665882677},"point_estimate":161.79605069408223,"standard_error":19.298144552292978}}