{"mean":{"confidence_interval":{"confidence_level":0.95,"lower_bound":48.363496117881766,"upper_bound":48.472435986845234},"point_estimate":48.41498941745386,"standard_error":0.02793737492064209},"median":{"confidence_interval":{"confidence_level":0.95,"lower_bound":48.35341190791972,"upper_bound":48.47646554841522},"point_estimate":48.39264613630036,"standard_error":0.03346275160002533},"median_abs_dev":{"confidence_interval":{"confidence_level":0.95,"lower_bound":0.020520360132287647,"upper_bound":0.15460671494699788},"point_estimate":0.067417686500501,"standard_error":0.03443514513910522},"slope":{"confidence_interval":{"confidence_level":0.95,"lower_bound":48.347629498498065,"upper_bound":48.462033469609395},"point_estimate":48.40862738801461,"standard_error":0.030355882663922196},"std_dev":{"confidence_interval":{"confidence_level":0.95,"lower_bound":0.044357083655961214,"upper_bound":0.12266809258243344},"point_estimate":0.09294945333425753,"standard_error":0.020720599932408417}}