{"mean":{"confidence_interval":{"confidence_level":0.95,"lower_bound":1762.4,"upper_bound":1841.7666666666664},"point_estimate":1801.3333333333333,"standard_error":20.247182278422862},"median":{"confidence_interval":{"confidence_level":0.95,"lower_bound":1736.0,"upper_bound":1861.1666666666667},"point_estimate":1791.5,"standard_error":27.636489389076104},"median_abs_dev":{"confidence_interval":{"confidence_level":0.95,"lower_bound":10.378199815750122,"upper_bound":123.54999780654896},"point_estimate":82.53139853477472,"standard_error":28.376217619445043},"slope":null,"std_dev":{"confidence_interval":{"confidence_level":0.95,"lower_bound":37.378345880211725,"upper_bound":83.11117498495331},"point_estimate":67.60396657220859,"standard_error":11.518290462777877}}