{"mean":{"confidence_interval":{"confidence_level":0.95,"lower_bound":20934818.841428574,"upper_bound":21266307.076224998},"point_estimate":21093725.63514286,"standard_error":84183.53862048563},"median":{"confidence_interval":{"confidence_level":0.95,"lower_bound":20898293.0,"upper_bound":21188305.84},"point_estimate":21138169.725,"standard_error":77758.6669227574},"median_abs_dev":{"confidence_interval":{"confidence_level":0.95,"lower_bound":24377.57593721317,"upper_bound":452508.4574763664},"point_estimate":115994.35946568847,"standard_error":119761.38747896426},"slope":{"confidence_interval":{"confidence_level":0.95,"lower_bound":20898611.068998013,"upper_bound":21140233.38286969},"point_estimate":21043310.67116883,"standard_error":61676.58158287685},"std_dev":{"confidence_interval":{"confidence_level":0.95,"lower_bound":110686.44036216501,"upper_bound":391986.1807193275},"point_estimate":280286.70679979876,"standard_error":73903.76410024584}}