{"mean":{"confidence_interval":{"confidence_level":0.95,"lower_bound":59824.60975,"upper_bound":61174.18025},"point_estimate":60458.76,"standard_error":345.002514608292},"median":{"confidence_interval":{"confidence_level":0.95,"lower_bound":59541.5,"upper_bound":60750.0},"point_estimate":60042.0,"standard_error":334.53801321537657},"median_abs_dev":{"confidence_interval":{"confidence_level":0.95,"lower_bound":1822.1153676509857,"upper_bound":3088.2557451725006},"point_estimate":2470.7528561353683,"standard_error":338.60346717455377},"slope":null,"std_dev":{"confidence_interval":{"confidence_level":0.95,"lower_bound":2324.8760220121558,"upper_bound":4585.003791885251},"point_estimate":3475.1906629476293,"standard_error":585.1682173947254}}