{"mean":{"confidence_interval":{"confidence_level":0.95,"lower_bound":1925456.534408358,"upper_bound":1950249.5698059273},"point_estimate":1937044.4112227182,"standard_error":6372.619075746334},"median":{"confidence_interval":{"confidence_level":0.95,"lower_bound":1918544.173611111,"upper_bound":1950955.9835069445},"point_estimate":1933767.77265625,"standard_error":7694.262844880002},"median_abs_dev":{"confidence_interval":{"confidence_level":0.95,"lower_bound":4445.582970762556,"upper_bound":33551.57060324696},"point_estimate":20980.918805847687,"standard_error":7910.91951908475},"slope":{"confidence_interval":{"confidence_level":0.95,"lower_bound":1924721.2738006923,"upper_bound":1943234.8200757576},"point_estimate":1932644.9511363637,"standard_error":4670.0579687622585},"std_dev":{"confidence_interval":{"confidence_level":0.95,"lower_bound":9650.972090655563,"upper_bound":27536.99523026994},"point_estimate":21147.670355273527,"standard_error":4688.748210080514}}