{"mean":{"confidence_interval":{"confidence_level":0.95,"lower_bound":206446087.5,"upper_bound":208513439.53333336},"point_estimate":207422202.7666667,"standard_error":531124.8968974579},"median":{"confidence_interval":{"confidence_level":0.95,"lower_bound":205943722.0,"upper_bound":208740694.66666666},"point_estimate":207069222.3333333,"standard_error":826399.4626878703},"median_abs_dev":{"confidence_interval":{"confidence_level":0.95,"lower_bound":311891.09706283355,"upper_bound":3091138.4137213156},"point_estimate":1847515.2704000252,"standard_error":731811.0266180163},"slope":null,"std_dev":{"confidence_interval":{"confidence_level":0.95,"lower_bound":944778.0515256958,"upper_bound":2260210.3607601537},"point_estimate":1771701.6097637184,"standard_error":350277.75998517615}}