{"mean":{"confidence_interval":{"confidence_level":0.95,"lower_bound":990.81,"upper_bound":1122.09},"point_estimate":1046.24,"standard_error":34.20904023591338},"median":{"confidence_interval":{"confidence_level":0.95,"lower_bound":958.5,"upper_bound":1000.0},"point_estimate":1000.0,"standard_error":11.687378939157298},"median_abs_dev":{"confidence_interval":{"confidence_level":0.95,"lower_bound":62.26919889450073,"upper_bound":123.05579781532288},"point_estimate":123.05579781532288,"standard_error":27.69085945440311},"slope":null,"std_dev":{"confidence_interval":{"confidence_level":0.95,"lower_bound":91.08905010539193,"upper_bound":529.8298018675023},"point_estimate":343.0963618800897,"standard_error":119.61756607175175}}