{"mean":{"confidence_interval":{"confidence_level":0.95,"lower_bound":675145.9,"upper_bound":714829.205},"point_estimate":692983.4,"standard_error":10203.810419758584},"median":{"confidence_interval":{"confidence_level":0.95,"lower_bound":664167.0,"upper_bound":708396.0},"point_estimate":691500.0,"standard_error":11812.171106344531},"median_abs_dev":{"confidence_interval":{"confidence_level":0.95,"lower_bound":3521.916237473488,"upper_bound":49080.730828642845},"point_estimate":36076.84645950794,"standard_error":12881.593340327194},"slope":null,"std_dev":{"confidence_interval":{"confidence_level":0.95,"lower_bound":14722.545068325955,"upper_bound":47585.967520781676},"point_estimate":33962.98456391736,"standard_error":9681.487804686105}}