{"mean":{"confidence_interval":{"confidence_level":0.95,"lower_bound":57.66916604982656,"upper_bound":58.2678567693049},"point_estimate":57.96144825909332,"standard_error":0.15325873627677344},"median":{"confidence_interval":{"confidence_level":0.95,"lower_bound":57.54510754402502,"upper_bound":58.35836507166214},"point_estimate":57.863642398354166,"standard_error":0.2394703814406246},"median_abs_dev":{"confidence_interval":{"confidence_level":0.95,"lower_bound":0.07381444273097743,"upper_bound":0.8428619536743397},"point_estimate":0.5423177466330049,"standard_error":0.19070048922164998},"slope":{"confidence_interval":{"confidence_level":0.95,"lower_bound":57.64759913082131,"upper_bound":58.11006745967584},"point_estimate":57.88135428356156,"standard_error":0.1175574407187479},"std_dev":{"confidence_interval":{"confidence_level":0.95,"lower_bound":0.29796643841829296,"upper_bound":0.6327559290046704},"point_estimate":0.5107750482525633,"standard_error":0.08597272642331494}}