{"mean":{"confidence_interval":{"confidence_level":0.95,"lower_bound":238732294.62550002,"upper_bound":239644090.9975},"point_estimate":239093345.33,"standard_error":240374.4826378594},"median":{"confidence_interval":{"confidence_level":0.95,"lower_bound":238570604.0,"upper_bound":238910750.0},"point_estimate":238780958.0,"standard_error":88269.98462058992},"median_abs_dev":{"confidence_interval":{"confidence_level":0.95,"lower_bound":502725.1881748438,"upper_bound":825653.9949417114},"point_estimate":709207.6278090477,"standard_error":87283.2250192905},"slope":null,"std_dev":{"confidence_interval":{"confidence_level":0.95,"lower_bound":719768.8728879195,"upper_bound":3939547.567848612},"point_estimate":2410196.674133739,"standard_error":1041568.9314466312}}